1,4,"[ 0.58019065  0.63389123  0.65843304  0.66449237  0.68171336  0.7037058
  0.70782386  0.71100649  0.71309535  0.71474058  0.71688944  0.71868812
  0.71935954  0.72259227  0.72361817  0.72455959  0.72660591  0.72784196
  0.72830965  0.7307372   0.730321    0.731982    0.73224148  0.73399966
  0.73429617  0.73581685  0.73626364  0.73663595  0.73735776  0.73797175
  0.73722943  0.73838135  0.73799974  0.74008303  0.74030526  0.74149889
  0.74099813  0.74059967  0.74276999  0.74351165  0.74208567  0.74236075
  0.74265991  0.74374938  0.74398806  0.74461411  0.74321698  0.74434429
  0.74407937  0.74375138  0.7451691   0.74546537  0.74487532  0.745381
  0.74612777  0.7450233   0.74426473  0.74580097  0.74619322  0.74682826
  0.74663738  0.74581521  0.74598578  0.74629936  0.7458204   0.74679283
  0.74691917  0.74673815  0.74753391  0.74728021  0.74655715  0.74650242
  0.74681754  0.74773207  0.74779683  0.74773348  0.74722404  0.74656474
  0.74574259  0.7486013   0.74856903  0.74792777  0.74742747  0.74775211
  0.74813601  0.74782886  0.74952292  0.74714334  0.74781065  0.74805142
  0.74770155  0.74813971  0.74860723  0.7481649   0.74935878  0.74937812
  0.74869256  0.74796715  0.74947913  0.74867197]","[ 0.58821118  0.59490426  0.59840778  0.60318048  0.61672737  0.62500702
  0.61589324  0.62851524  0.62421325  0.62641973  0.62770717  0.62581763
  0.62421301  0.62979199  0.61687127  0.62838725  0.6261265   0.62244767
  0.62786021  0.62757184  0.63194743  0.63450372  0.63088598  0.63502378
  0.63569776  0.63629534  0.64228433  0.6406865   0.63962823  0.63888505
  0.63363245  0.64219121  0.6402382   0.64263004  0.64020174  0.64098831
  0.6418598   0.6461085   0.64790155  0.64564381  0.64102874  0.64775675
  0.64333014  0.64806433  0.64747082  0.6398964   0.64902816  0.64184675
  0.64254337  0.64632097  0.64169109  0.64568122  0.6506965   0.64390971
  0.64416119  0.6426523   0.65019121  0.64685487  0.64443751  0.6536261
  0.64608623  0.64924042  0.64544283  0.65012437  0.64635288  0.64264484
  0.64500879  0.6525723   0.64675218  0.64831219  0.64668615  0.64767151
  0.65228274  0.64604742  0.64928518  0.64503905  0.64736769  0.64802718
  0.64750687  0.64951261  0.6460651   0.64635749  0.6451754   0.64545373
  0.64848917  0.6486837   0.64721124  0.64626297  0.6467875   0.64636372
  0.64872955  0.64690198  0.65109753  0.64728053  0.64786568  0.64772374
  0.64920534  0.64741262  0.64338405  0.64462175]","[ 0.73030328  0.63602566  0.61918212  0.57120465  0.5350213   0.54909056
  0.54057976  0.55135105  0.54599557  0.55048204  0.54591445  0.55264657
  0.54840132  0.54710814  0.54761282  0.55019019  0.55275229  0.54797021
  0.55262607  0.55273763  0.55673353  0.55716034  0.55532984  0.56328379
  0.5616786   0.56209713  0.56459509  0.56535597  0.56688977  0.56725772
  0.56440539  0.56739248  0.56752765  0.56838793  0.56578685  0.56865224
  0.56822895  0.56960573  0.57490618  0.57534086  0.5694373   0.57248279
  0.56999501  0.57323407  0.57669398  0.57081111  0.57666868  0.5724836
  0.57018993  0.57040913  0.57084661  0.57812622  0.58075719  0.5746299
  0.57178797  0.5742803   0.57935616  0.57104531  0.57134389  0.57395498
  0.57611278  0.58026549  0.5780881   0.57737784  0.57225757  0.57618139
  0.5765863   0.57855891  0.57211415  0.57540471  0.57638622  0.58207293
  0.58252465  0.57913534  0.57599354  0.5719655   0.57572722  0.57943494
  0.57471866  0.57780273  0.57861224  0.57079743  0.57376453  0.57270288
  0.58071529  0.57781624  0.57417667  0.57716746  0.57616563  0.57827691
  0.57503904  0.57655621  0.57717675  0.57633584  0.58072996  0.57335946
  0.57708326  0.57529931  0.5710485   0.57242352]","[ 0.16746388  0.34210005  0.39613404  0.39408894  0.50112505  0.52241113
  0.50457328  0.5127848   0.52521162  0.52464333  0.53780032  0.52044881
  0.52923141  0.54320818  0.53259605  0.53609557  0.52713875  0.53669016
  0.55097223  0.54278257  0.54748892  0.53638397  0.54909235  0.53730198
  0.54467103  0.5509849   0.56454355  0.55792796  0.54081888  0.54267013
  0.55325742  0.55329551  0.55726695  0.55652521  0.5617123   0.55342509
  0.57122901  0.56581376  0.54893319  0.55031811  0.56442158  0.57178982
  0.56355525  0.55979418  0.53804166  0.54539628  0.5434725   0.55560809
  0.55137848  0.57623074  0.5732018   0.54585335  0.54649994  0.54633347
  0.54969977  0.55214006  0.53969816  0.55287295  0.56950843  0.58369554
  0.54016158  0.53604073  0.53311979  0.54600709  0.57308472  0.55132995
  0.55432708  0.54637534  0.57290452  0.55906914  0.55297411  0.52624539
  0.54216606  0.54729623  0.55106226  0.57176839  0.55284864  0.54376793
  0.56587568  0.5544933   0.5530021   0.55140338  0.5534112   0.5715935
  0.5285372   0.53671187  0.55026596  0.55171357  0.55107014  0.5264684
  0.5565279   0.55132632  0.56331355  0.55755281  0.53419097  0.54690885
  0.56634692  0.55280543  0.56417042  0.56408495]"
2,4,"[ 0.59629495  0.67634896  0.69679213  0.70407361  0.71011515  0.71405135
  0.71905593  0.72204311  0.72406538  0.72769701  0.7302637   0.73259512
  0.73458158  0.73542415  0.73669843  0.73894375  0.73962989  0.74190428
  0.74176681  0.74366182  0.74384345  0.74465492  0.74690395  0.74505529
  0.74698447  0.74641337  0.74797797  0.74777647  0.74935184  0.75062648
  0.75002343  0.75034539  0.75190631  0.75086857  0.7528378   0.75282926
  0.75350265  0.75452957  0.75550379  0.75566793  0.75559494  0.7559961
  0.75713729  0.75641828  0.75659305  0.75846005  0.75935008  0.75827992
  0.75967043  0.75896371  0.76077124  0.76191694  0.76147223  0.76139381
  0.76109501  0.76239914  0.76288309  0.76377377  0.76368129  0.76332552
  0.76337914  0.76430253  0.76413404  0.76292489  0.76455351  0.76598735
  0.76603167  0.76531356  0.76524158  0.76671062  0.76732831  0.76647661
  0.7661759   0.76776647  0.76689266  0.76736456  0.76752009  0.76721192
  0.76841703  0.76765311  0.76751917  0.76827254  0.76982557  0.76776729
  0.76946661  0.76874323  0.76966982  0.76865083  0.76853714  0.76938955
  0.77053748  0.77002541  0.76897128  0.77034566  0.77098385  0.76944611
  0.77109841  0.77061618  0.77209187  0.7730524 ]","[ 0.58368436  0.61288946  0.60517387  0.61554707  0.61840643  0.61864199
  0.62079829  0.62551789  0.62988932  0.62756571  0.62601207  0.63234501
  0.63772385  0.63189121  0.6371262   0.63678582  0.64323435  0.64514179
  0.6409942   0.65045048  0.64878141  0.6405481   0.64513322  0.64749275
  0.64621732  0.65338708  0.64778912  0.65379311  0.64684377  0.65611034
  0.64739942  0.65146281  0.65201534  0.65315567  0.65167389  0.65584991
  0.65616048  0.6543472   0.65538673  0.65729869  0.65262439  0.6602728
  0.65813355  0.65909637  0.66479481  0.65843715  0.65693143  0.6585151
  0.65589655  0.65477962  0.65945614  0.66106063  0.65932212  0.66306376
  0.6644663   0.65792198  0.65757551  0.66413551  0.66085603  0.66198297
  0.66285303  0.65972323  0.65763927  0.66477105  0.66046765  0.65916446
  0.65760863  0.66071884  0.65991922  0.66436493  0.66205896  0.66229814
  0.66836101  0.66539316  0.66792794  0.66404088  0.66307875  0.66488296
  0.66340347  0.66422484  0.66267539  0.66238504  0.66387373  0.66311178
  0.65823499  0.65659466  0.66133692  0.66293951  0.66385999  0.66200928
  0.66601146  0.66549933  0.66763159  0.66289133  0.66042762  0.66560267
  0.66522175  0.66044852  0.65873689  0.66470117]","[ 0.54926904  0.53693036  0.52961708  0.53645033  0.54071695  0.54364278
  0.54262933  0.54453613  0.5519309   0.55169347  0.56188213  0.55767638
  0.56460956  0.55643271  0.57017141  0.5717137   0.57339614  0.57212694
  0.57129255  0.58072139  0.58292214  0.57263224  0.57606105  0.57911523
  0.58759089  0.58272229  0.57809706  0.58098902  0.58451064  0.592426
  0.57763958  0.58223445  0.59111278  0.58355142  0.58506537  0.5801273
  0.58980269  0.58970805  0.59154867  0.59703522  0.5856261   0.59256012
  0.59010735  0.59393929  0.59718042  0.58820184  0.59436954  0.58937842
  0.59056697  0.59050379  0.60078177  0.59559979  0.59946245  0.60275863
  0.60299776  0.59704894  0.60003229  0.59556121  0.59478804  0.59362569
  0.59707275  0.59430481  0.59721776  0.59772148  0.58965096  0.60294872
  0.59479219  0.59801494  0.59671565  0.60461563  0.59315202  0.59434732
  0.6036764   0.60515381  0.5996577   0.59940582  0.59694935  0.60009582
  0.60380878  0.59623981  0.59026166  0.60009853  0.59861858  0.59565628
  0.59248392  0.59545286  0.59619056  0.60175328  0.60784724  0.59347626
  0.60492196  0.59840625  0.60343875  0.59545948  0.59819495  0.60280808
  0.59943697  0.59087986  0.5875362   0.59983201]","[ 0.26735365  0.42613657  0.47586474  0.50880281  0.51136645  0.50317716
  0.53221545  0.52947024  0.54413542  0.52935612  0.49972688  0.53775851
  0.53397766  0.54288114  0.5334215   0.5298321   0.53074505  0.56090384
  0.53250489  0.53109156  0.53567453  0.51743322  0.53665402  0.54206405
  0.51105084  0.5514505   0.53937943  0.56032693  0.54359418  0.53127483
  0.54117228  0.55935424  0.53191534  0.56714028  0.53791128  0.59012089
  0.56474178  0.54853998  0.54902931  0.53823282  0.55455638  0.56593775
  0.55531853  0.56324949  0.57620161  0.58292137  0.55061576  0.5792748
  0.55745821  0.57134275  0.55820322  0.57029661  0.56135494  0.55845032
  0.5454261   0.55882912  0.54732126  0.58400035  0.57820482  0.58330025
  0.57746022  0.59085395  0.55307967  0.58243571  0.59643435  0.54047406
  0.57772367  0.56947302  0.58177486  0.56836531  0.5881721   0.59060549
  0.58336062  0.57113546  0.58913524  0.57811359  0.57901106  0.57137129
  0.56324901  0.60013885  0.60433849  0.57789435  0.58449429  0.59727598
  0.59198273  0.56548092  0.57761377  0.57178307  0.55760883  0.58927371
  0.56435246  0.58673074  0.57704171  0.5845482   0.5615141   0.57553231
  0.57557095  0.59733173  0.59273646  0.58343717]"
4,4,"[ 0.62537451  0.70499962  0.72003113  0.73163525  0.74023283  0.74560608
  0.75263519  0.75416103  0.75885398  0.76059408  0.76422847  0.76736016
  0.77021767  0.77088427  0.7718376   0.7751181   0.77636441  0.77778938
  0.7794371   0.78017435  0.78109839  0.78198975  0.78354826  0.78342334
  0.78492137  0.78637637  0.78670809  0.787567    0.78592084  0.78839511
  0.7896041   0.79054739  0.79113228  0.79173193  0.79105086  0.79188136
  0.79327839  0.79274099  0.79444187  0.79431915  0.79482002  0.79664957
  0.79597939  0.7969435   0.79681623  0.79726808  0.7967736   0.7984317
  0.79753274  0.79814167  0.79813408  0.79894209  0.80077587  0.79922064
  0.80040533  0.80117802  0.80138827  0.80028579  0.80115066  0.80200556
  0.80106829  0.80372062  0.80232998  0.80274832  0.80376362  0.8032861
  0.80284989  0.80327202  0.80362683  0.80400477  0.80526794  0.80383329
  0.80472188  0.80480585  0.80545889  0.80439582  0.80594256  0.80439054
  0.80559221  0.80574031  0.805213    0.80748218  0.8067617   0.8075539
  0.80722043  0.80883198  0.80636456  0.80718921  0.80813871  0.80703771
  0.80692382  0.80835071  0.80719386  0.80829609  0.80881671  0.80861888
  0.80888012  0.80877413  0.8089926   0.81015003]","[ 0.61347689  0.62982034  0.62611037  0.63880891  0.63930607  0.64895974
  0.65904182  0.64860224  0.65721166  0.66604569  0.66643583  0.66274729
  0.66898795  0.67023307  0.66802571  0.66758341  0.66769283  0.67541166
  0.67997457  0.67282213  0.6727853   0.6827578   0.67574914  0.6822445
  0.68089345  0.67516994  0.67814464  0.68229684  0.68377645  0.68906946
  0.68598038  0.68743509  0.68598027  0.68532437  0.68525189  0.68129202
  0.69022349  0.6896684   0.68623845  0.69134219  0.68596607  0.69136078
  0.69625652  0.69275044  0.6859202   0.69231612  0.69075223  0.69440025
  0.69353826  0.69626953  0.69679226  0.69198799  0.69029603  0.69086601
  0.69132617  0.69264201  0.69562452  0.69557427  0.69154148  0.69663794
  0.68944372  0.69373986  0.69106657  0.69947485  0.68923459  0.69731476
  0.69250537  0.69717038  0.69418384  0.69107411  0.68882553  0.69766092
  0.69510366  0.70155506  0.69477188  0.69819365  0.69725299  0.68902275
  0.69554942  0.69641031  0.69645193  0.69385559  0.69753996  0.69518913
  0.69485182  0.69206773  0.69604692  0.69755107  0.70089328  0.69881334
  0.69659458  0.69485753  0.69618336  0.69429495  0.69486442  0.69883616
  0.70126368  0.70102198  0.69380365  0.69697281]","[ 0.55261242  0.54756915  0.54517224  0.56376781  0.56855537  0.57938798
  0.59177786  0.58040293  0.59062681  0.59932429  0.60292363  0.59898952
  0.60459996  0.60688632  0.60322027  0.60718544  0.60417776  0.60985411
  0.61099021  0.61879712  0.60719586  0.61442606  0.61103992  0.61949954
  0.61927346  0.61650958  0.61585787  0.6234097   0.61741274  0.62257039
  0.62584499  0.62251644  0.62595124  0.61913989  0.62904958  0.62685278
  0.62600983  0.62548054  0.62139955  0.62619774  0.61716515  0.62804653
  0.63556077  0.62901194  0.62728024  0.62751793  0.61539827  0.62844499
  0.62914949  0.63043569  0.63027679  0.62045825  0.62808988  0.62387813
  0.62315299  0.62565887  0.62895035  0.6361448   0.62570641  0.63707988
  0.62939651  0.63013653  0.63859384  0.63387936  0.62558349  0.63322976
  0.63128664  0.62772549  0.62643966  0.6330691   0.61553155  0.63818714
  0.63461707  0.63412569  0.62794996  0.6348371   0.63495333  0.62537172
  0.63175389  0.62611968  0.63492147  0.63395921  0.63997944  0.63161112
  0.63864331  0.62529005  0.62989447  0.63027111  0.6428719   0.63615147
  0.63343318  0.63263499  0.63157223  0.63609802  0.63327469  0.63406853
  0.63961711  0.63076042  0.63126767  0.63142261]","[ 0.42637832  0.50344187  0.55988894  0.53732465  0.54350503  0.54385591
  0.53912245  0.57796527  0.54754544  0.5731778   0.55673115  0.55868012
  0.56424464  0.54888106  0.57626734  0.55530144  0.55987019  0.58530547
  0.59136236  0.53825215  0.58479546  0.58930478  0.5816112   0.57749872
  0.58216456  0.57304174  0.57777394  0.57296302  0.60015544  0.6056153
  0.59159637  0.61112769  0.60063493  0.62725447  0.57620336  0.58747937
  0.61558799  0.60307089  0.61183805  0.61905537  0.63686883  0.61792129
  0.6118434   0.61223702  0.60863004  0.60737582  0.65170842  0.62125551
  0.62157704  0.60956849  0.60852605  0.6393965   0.60342022  0.63229338
  0.63205201  0.6214047   0.62130549  0.60439043  0.62211632  0.60169959
  0.61987053  0.61687784  0.59278117  0.62108548  0.63234668  0.60378772
  0.62020394  0.61760358  0.62071137  0.59255028  0.63916782  0.60967276
  0.60859207  0.61931038  0.63180493  0.60942807  0.61688453  0.6223175
  0.6316246   0.62436892  0.62623941  0.60777741  0.6145698   0.62064596
  0.59029729  0.62170451  0.62822474  0.61193457  0.60257129  0.6259676
  0.61111084  0.61069099  0.61350555  0.62153817  0.62111125  0.61379496
  0.62858188  0.6283751   0.61855709  0.62164527]"
8,4,"[ 0.64086621  0.72028604  0.73483487  0.74384283  0.75241217  0.75902713
  0.76438612  0.7672866   0.77147152  0.77691145  0.77769138  0.78064087
  0.78279388  0.78527479  0.78555574  0.78777968  0.79034093  0.79208375
  0.79200186  0.79406952  0.79412865  0.79511765  0.79694313  0.79789227
  0.79778134  0.8008457   0.79794475  0.80172513  0.80226275  0.80291249
  0.80426681  0.80409522  0.8054856   0.80658913  0.80684467  0.80608925
  0.80776629  0.80789415  0.80824178  0.80818785  0.80988735  0.81008311
  0.81064999  0.81109567  0.81035815  0.81208822  0.81101978  0.8115148
  0.81316845  0.81338929  0.81391679  0.81544796  0.81424396  0.81448916
  0.81549183  0.81581683  0.81577428  0.8159213   0.8156746   0.81686159
  0.81671359  0.81822026  0.8184252   0.81892011  0.81854685  0.8188488
  0.82000868  0.81965961  0.82132316  0.81991318  0.82124677  0.82130844
  0.82216354  0.82251974  0.82145734  0.8238385   0.82305066  0.82410456
  0.82375678  0.82385921  0.82558296  0.82485139  0.82522624  0.82634146
  0.82557626  0.82785762  0.82764187  0.82743577  0.8296835   0.82935987
  0.82948542  0.83071287  0.829886    0.83035914  0.83092428  0.83160885
  0.83091975  0.83207041  0.83213156  0.83190632]","[ 0.61491477  0.6337086   0.63463634  0.651205    0.65915588  0.66421956
  0.6669607   0.67265255  0.66418354  0.67198514  0.68285547  0.67996449
  0.68423744  0.6942756   0.68372318  0.68516777  0.69068127  0.68685452
  0.69572735  0.69891256  0.69806339  0.69782556  0.6988798   0.69702983
  0.69839302  0.70761889  0.70471788  0.6975775   0.70304575  0.70351144
  0.70034734  0.69857582  0.70368308  0.70157703  0.70339171  0.70078505
  0.70247486  0.70165173  0.69705988  0.70339959  0.7045373   0.70459451
  0.70352044  0.69949963  0.70200249  0.70509318  0.70140267  0.71094567
  0.7028462   0.70441256  0.70541427  0.70144464  0.70693987  0.70587919
  0.70719388  0.70564893  0.70413903  0.70340076  0.70528187  0.70010244
  0.70027224  0.69839622  0.70596703  0.69880077  0.70117536  0.70202318
  0.70993523  0.7043534   0.69804982  0.70068961  0.70866067  0.70153332
  0.7041218   0.69730018  0.70125146  0.70681039  0.70452806  0.70604453
  0.70089254  0.70126387  0.7084927   0.69908087  0.70326601  0.70655544
  0.71008029  0.70895044  0.70812408  0.70488502  0.70916463  0.70330652
  0.70788948  0.70664262  0.71179728  0.70506012  0.70187709  0.71186629
  0.70782433  0.71099744  0.70329324  0.71013429]","[ 0.53837421  0.55713106  0.56661377  0.57065333  0.58854952  0.59854792
  0.59321677  0.59889404  0.59868588  0.61210411  0.60344942  0.61953758
  0.61415038  0.63236313  0.61981757  0.63103358  0.62668937  0.62314361
  0.62849382  0.64495533  0.63148353  0.63270338  0.64244383  0.63952129
  0.63403035  0.63961326  0.62958711  0.63949546  0.63200778  0.65194711
  0.63427459  0.64012393  0.64284254  0.64136332  0.64384956  0.65063633
  0.62758584  0.63851078  0.62688552  0.63655486  0.63528275  0.63926935
  0.6322544   0.63708375  0.63093379  0.64557559  0.63960553  0.64795654
  0.63320089  0.63759298  0.63710665  0.6315089   0.63956977  0.63144772
  0.63901037  0.63412159  0.63909686  0.63537256  0.63300093  0.6386233
  0.63178068  0.62912617  0.63759872  0.62261496  0.63059118  0.63638263
  0.64397653  0.642807    0.62876894  0.63926924  0.64345717  0.62457612
  0.63846664  0.62256155  0.63997164  0.64285999  0.63544072  0.64231487
  0.63050987  0.64015998  0.63873321  0.63561574  0.63026512  0.63680937
  0.64174721  0.64180827  0.63920452  0.62574085  0.64977053  0.62731205
  0.64419991  0.63451368  0.64238625  0.64268373  0.62935857  0.63974089
  0.63144819  0.64243017  0.62993538  0.64626239]","[ 0.50162122  0.52156695  0.54309178  0.57213866  0.55874113  0.55489686
  0.57890519  0.57606958  0.56848164  0.57948568  0.61536138  0.57893273
  0.59233103  0.57894612  0.60914717  0.56387544  0.59346628  0.62352854
  0.63154318  0.59333803  0.62410459  0.64015718  0.59992191  0.6175308
  0.6267651   0.63748859  0.65219056  0.62613036  0.64157927  0.5891098
  0.62136878  0.60810614  0.61659363  0.6061073   0.61683289  0.58948857
  0.66121399  0.62410918  0.64539161  0.63902141  0.65358877  0.62942055
  0.63730894  0.63124788  0.64652568  0.62195401  0.62505406  0.62742992
  0.63609014  0.62788084  0.63073334  0.64215097  0.64592237  0.6539689
  0.63361146  0.65139723  0.6496499   0.64855586  0.64558439  0.63422319
  0.6507408   0.64788033  0.64687473  0.66235926  0.65179677  0.64021728
  0.65064971  0.62987398  0.65137876  0.62687366  0.63819934  0.65180005
  0.63590454  0.65931633  0.61758248  0.63781186  0.63538269  0.63110403
  0.64744528  0.6265965   0.64835701  0.65470434  0.65436777  0.64652219
  0.64548561  0.64908653  0.6442944   0.67324735  0.61434173  0.67644008
  0.63387146  0.65615936  0.65236753  0.64060898  0.65811077  0.66102249
  0.66551037  0.64348525  0.67966882  0.6427467 ]"
16,4,"[ 0.65858895  0.72681373  0.74409231  0.75524379  0.76395209  0.76847555
  0.77430883  0.77901193  0.78179209  0.78590162  0.78849889  0.78991044
  0.79203467  0.79480519  0.79599913  0.79812599  0.79824867  0.80122018
  0.80097262  0.80518835  0.80633659  0.80735451  0.80752485  0.80960452
  0.81071296  0.8136518   0.81322671  0.81370684  0.81493617  0.81654761
  0.81760475  0.81757427  0.81860525  0.81991826  0.82135102  0.82233598
  0.82301797  0.82362702  0.82497348  0.82650659  0.82689197  0.82793949
  0.82885303  0.8293991   0.83010793  0.83052424  0.83053543  0.83185846
  0.83265411  0.83325822  0.83414296  0.83551878  0.83492898  0.83535695
  0.83718064  0.83823805  0.83747347  0.83881383  0.83994822  0.83876281
  0.8400899   0.84172256  0.8409572   0.84238198  0.84402267  0.84326009
  0.84324183  0.84405613  0.84494347  0.84505441  0.84583642  0.84728545
  0.84581864  0.84613038  0.84741357  0.8482911   0.84909802  0.84857177
  0.84845661  0.84938397  0.85021615  0.84886036  0.84978512  0.85016497
  0.85107528  0.850925    0.85197522  0.85238061  0.85271387  0.85206816
  0.85276255  0.85334194  0.85309168  0.85390244  0.85256698  0.85542219
  0.85490151  0.85462905  0.85620589  0.85575497]","[ 0.6229011   0.64277071  0.65340194  0.66013542  0.66096263  0.67451391
  0.66694787  0.66953517  0.67837119  0.67687258  0.68620931  0.68656892
  0.69085491  0.68577317  0.69104078  0.70387379  0.69121164  0.70096318
  0.69555678  0.69913551  0.70660014  0.69886872  0.71100287  0.70669097
  0.71058737  0.69804946  0.71407201  0.7142801   0.70599521  0.70529011
  0.71292179  0.71221733  0.71063358  0.7119046   0.71841944  0.71388236
  0.7144233   0.71290644  0.71741244  0.71598207  0.7151208   0.71811983
  0.71396634  0.71753007  0.71975107  0.72250322  0.72182839  0.71650829
  0.7193936   0.71870819  0.71523159  0.72033544  0.72299138  0.72235859
  0.72189432  0.7217146   0.72245393  0.72209272  0.71503636  0.72539202
  0.72559741  0.72740333  0.718631    0.72531387  0.72353555  0.72305681
  0.72391807  0.72116537  0.72491951  0.71922     0.7159547   0.71741307
  0.72336981  0.71843332  0.71424357  0.72244149  0.7268687   0.72222115
  0.7240033   0.72396757  0.72319241  0.72237975  0.72022503  0.72541752
  0.72313974  0.72702036  0.71692756  0.72302812  0.7265267   0.72700758
  0.71563514  0.72225156  0.72708914  0.72570791  0.72068691  0.72654693
  0.72102229  0.72868339  0.72041197  0.71879773]","[ 0.54807536  0.55891357  0.58049931  0.5951156   0.58883479  0.60312451
  0.61679595  0.60580215  0.62635782  0.62756818  0.62166355  0.62039821
  0.6340587   0.62945011  0.63788254  0.63463451  0.63047415  0.63260763
  0.62948303  0.62247543  0.63481523  0.64245404  0.63052185  0.63465767
  0.64408307  0.63450437  0.64105629  0.6462365   0.64010739  0.63415658
  0.64883343  0.64420699  0.63897812  0.64505618  0.64811558  0.63596235
  0.64349142  0.6496758   0.64303455  0.64544079  0.64797965  0.64384615
  0.63903368  0.64267365  0.64578707  0.65136898  0.6649909   0.64139409
  0.64551893  0.65875054  0.63565403  0.65285428  0.65439216  0.64355094
  0.65713075  0.65235433  0.65215015  0.64443305  0.65306815  0.65238637
  0.64812997  0.65437527  0.64792919  0.6460537   0.65256051  0.65738399
  0.65435597  0.660737    0.65234992  0.64700088  0.6503274   0.64155081
  0.64401415  0.64786615  0.63286008  0.65273946  0.65560089  0.65599384
  0.66201015  0.65755987  0.64838436  0.65065295  0.64171413  0.65149531
  0.65823997  0.65630758  0.64257045  0.64636418  0.6494145   0.66285277
  0.63738425  0.6504428   0.65426733  0.63981977  0.65353472  0.65622121
  0.65563931  0.64781089  0.64682891  0.64354631]","[ 0.49292983  0.57508648  0.56971851  0.55512417  0.58650213  0.60757036
  0.57414284  0.59813383  0.56498924  0.56011148  0.57538931  0.59328564
  0.57784817  0.60737101  0.58061466  0.63655643  0.60689428  0.62921995
  0.64864524  0.65593303  0.64267029  0.62899411  0.67932941  0.653426
  0.63962879  0.64997242  0.66661463  0.64864591  0.66391793  0.66474445
  0.6301015   0.64148152  0.67060521  0.64935547  0.66671354  0.68725049
  0.67455608  0.63491029  0.67862514  0.66741184  0.66285665  0.67545658
  0.68084233  0.68923724  0.67815222  0.68236473  0.63115227  0.67932805
  0.68385207  0.66798649  0.70304792  0.66011927  0.66562639  0.69513924
  0.65774719  0.67408609  0.67708816  0.68596116  0.66748122  0.68121796
  0.70199765  0.67811483  0.68498415  0.69440351  0.66665555  0.67260275
  0.67382373  0.6562877   0.68227456  0.69788262  0.68007048  0.6992445
  0.70251824  0.69083158  0.69241752  0.66266351  0.69725569  0.66015895
  0.66208166  0.66757702  0.68002323  0.67150945  0.701813    0.6827669
  0.66338074  0.67717476  0.67593659  0.68635764  0.68143732  0.66265812
  0.69455203  0.67060495  0.68301445  0.71896871  0.6680826   0.66907795
  0.65829815  0.71289869  0.67183003  0.69635012]"
32,4,"[ 0.66963167  0.73115012  0.75082445  0.76190851  0.77000082  0.77693099
  0.78224396  0.7883535   0.79218322  0.79248912  0.7957863   0.79938199
  0.80193631  0.80495748  0.80697965  0.80843162  0.81059556  0.8144142
  0.81557435  0.8193016   0.81831434  0.82210597  0.8220089   0.82506257
  0.82405301  0.82710202  0.82798316  0.82931367  0.82910466  0.83168344
  0.8312999   0.83309843  0.83337055  0.83441807  0.83590289  0.83727784
  0.83783877  0.83791767  0.83840241  0.84027797  0.84004421  0.84127099
  0.84243297  0.84338419  0.84230533  0.84418756  0.84430636  0.84511573
  0.84558367  0.8463911   0.84593809  0.84780856  0.8478942   0.84793871
  0.84814925  0.84956056  0.84824032  0.85055502  0.85117687  0.85095815
  0.85395684  0.85203881  0.85186676  0.85229674  0.85425493  0.85273393
  0.85380786  0.85389816  0.85671539  0.85575151  0.85596764  0.85660073
  0.85758449  0.85681635  0.85794307  0.85781951  0.85896113  0.8587741
  0.85823258  0.85799189  0.85961158  0.86045649  0.86070193  0.86021968
  0.86009474  0.86119188  0.86102467  0.86267204  0.86208963  0.86169585
  0.86186349  0.86212131  0.86333823  0.86208218  0.86265881  0.86474738
  0.86453778  0.8647714   0.86562456  0.86451911]","[ 0.62954049  0.65835048  0.6574753   0.65883867  0.6763362   0.67957686
  0.67974409  0.68434171  0.68842371  0.691974    0.70021691  0.69570295
  0.70702817  0.70692108  0.70697127  0.7091556   0.70264317  0.71208854
  0.71637308  0.71669403  0.7215233   0.72067946  0.71981386  0.7135446
  0.72127884  0.71294739  0.73085009  0.72121881  0.71537496  0.72209256
  0.71595117  0.73062104  0.7246552   0.73048279  0.71803853  0.73150615
  0.72548214  0.73140461  0.72615592  0.71964629  0.72731769  0.73143162
  0.72694326  0.72081919  0.72308812  0.73221757  0.73134029  0.72770809
  0.72693074  0.7215137   0.72830216  0.72698803  0.72866504  0.72369695
  0.72773835  0.72472427  0.72371214  0.73294619  0.72763656  0.73141344
  0.72158522  0.72667496  0.73186118  0.72943761  0.72711935  0.72583883
  0.72359904  0.71461389  0.7267441   0.7310065   0.7242266   0.72268381
  0.72361241  0.72190421  0.72450162  0.72408637  0.71938026  0.7137138
  0.72237049  0.72548208  0.7244476   0.71784185  0.72309714  0.7206733
  0.72163769  0.71912312  0.72158278  0.72211487  0.72171949  0.72002941
  0.72076951  0.7237748   0.71819879  0.72693101  0.72167513  0.72340844
  0.71967827  0.72157151  0.71868255  0.71938517]","[ 0.55107749  0.59004355  0.58493999  0.59556946  0.61745634  0.59937919
  0.60878123  0.62521648  0.62517154  0.62907721  0.63634809  0.63213644
  0.64752884  0.6423542   0.64597164  0.64435381  0.6366499   0.64963476
  0.64575636  0.65722998  0.65469852  0.65458025  0.65456213  0.63875128
  0.64262293  0.6349639   0.6600587   0.66613476  0.65448318  0.64771854
  0.64738092  0.65617074  0.65992672  0.65760335  0.64619147  0.66117205
  0.65086423  0.66173478  0.66633001  0.64627515  0.65277001  0.65183891
  0.65402496  0.64775507  0.65356995  0.66167973  0.65221954  0.66219172
  0.65953591  0.64396058  0.64978667  0.65334426  0.641388    0.65431858
  0.65379426  0.64946337  0.64710065  0.66412227  0.65432774  0.66011017
  0.65192209  0.65690924  0.65109479  0.65905141  0.65102935  0.6458759
  0.64169077  0.64165481  0.64607123  0.65631418  0.65411447  0.64544361
  0.65210405  0.64636842  0.6363808   0.64188689  0.64726096  0.62955875
  0.64995847  0.64877778  0.6401307   0.6409251   0.64937838  0.64701437
  0.64542112  0.64292794  0.64969981  0.65331383  0.64502578  0.64058118
  0.65343665  0.63988939  0.65245773  0.65162846  0.6381367   0.6477959
  0.65195347  0.6441561   0.64630519  0.63425352]","[ 0.54123666  0.56221998  0.60271896  0.57225756  0.57476447  0.62611837
  0.62205729  0.57006062  0.60244198  0.62441989  0.59918881  0.64385309
  0.60628859  0.64158522  0.62310722  0.6516918   0.62453455  0.64816621
  0.66885172  0.63785233  0.6479644   0.63614232  0.65014337  0.6822954
  0.69949243  0.68643298  0.67683778  0.64611565  0.65943005  0.67800844
  0.6901327   0.67786889  0.6601668   0.69681619  0.67254261  0.66911151
  0.68650842  0.67167021  0.64298576  0.68114169  0.683341    0.70664161
  0.67269397  0.68620016  0.67819249  0.6831395   0.68299206  0.64877168
  0.66146891  0.68654667  0.68715008  0.66824218  0.71060206  0.66657381
  0.68961158  0.67613297  0.68287953  0.64293745  0.68036432  0.67482433
  0.66976282  0.67105922  0.69691394  0.67613999  0.68719148  0.68433871
  0.68738106  0.66754159  0.69096115  0.66729203  0.66207872  0.67320988
  0.66610437  0.68183094  0.70158592  0.68632849  0.66499927  0.70939137
  0.65947978  0.66865928  0.69596628  0.67848186  0.67539372  0.67459949
  0.66895126  0.67169532  0.65486594  0.6406045   0.68301715  0.67930068
  0.66094531  0.68873583  0.65213244  0.67109262  0.68347508  0.66876664
  0.64747086  0.67344847  0.65668689  0.68113886]"
64,4,"[ 0.68538071  0.74135014  0.75949139  0.76998511  0.77736031  0.78606147
  0.79220844  0.79364108  0.80111498  0.80140829  0.80660762  0.81044707
  0.81352888  0.81709302  0.81875381  0.82057761  0.82380708  0.82504666
  0.82755907  0.82897204  0.82971802  0.83232844  0.83442119  0.83489542
  0.83745642  0.83855587  0.83927422  0.84149992  0.84201926  0.84261398
  0.84365053  0.84515071  0.84427944  0.84725733  0.84696052  0.84882311
  0.84941034  0.85022609  0.85081028  0.85167749  0.85296403  0.85323113
  0.85344382  0.85448898  0.85551295  0.85592768  0.85554681  0.85688526
  0.85704296  0.85783545  0.85810041  0.85805662  0.86011879  0.85953774
  0.85988888  0.86101401  0.85965139  0.86073386  0.86198232  0.86341924
  0.86304908  0.86351942  0.8646135   0.86475864  0.8646808   0.8650284
  0.8651443   0.86584135  0.86714476  0.86637994  0.86718871  0.86810796
  0.86885923  0.86950714  0.86982794  0.86905606  0.87079063  0.87190481
  0.87168854  0.8712144   0.87161962  0.8726981   0.87269677  0.87370868
  0.87282308  0.87390465  0.87531911  0.87432685  0.87412714  0.87599402
  0.87625789  0.87711538  0.87747312  0.8770762   0.87699049  0.87679927
  0.87760695  0.87860311  0.87799171  0.87865921]","[ 0.63239416  0.65897809  0.66989472  0.67731416  0.69229974  0.68469462
  0.68828493  0.70088304  0.70434417  0.69873941  0.70724153  0.71736998
  0.71588313  0.71371808  0.71692365  0.72538731  0.7305968   0.72018588
  0.72105     0.72116761  0.72962404  0.7321086   0.71889787  0.72561903
  0.73173892  0.73626114  0.73323928  0.72062113  0.73138322  0.72796705
  0.73304173  0.72885037  0.72788646  0.73089762  0.72509254  0.72220007
  0.73126784  0.72906968  0.73084046  0.72353933  0.72302358  0.72620231
  0.72772159  0.72634701  0.7211915   0.7219748   0.72501692  0.72347618
  0.72618624  0.72975844  0.72535807  0.72254386  0.72136062  0.72511355
  0.72797545  0.72268045  0.72701202  0.72653535  0.71982428  0.72721454
  0.71968178  0.72275523  0.72343547  0.71819119  0.7203285   0.7188526
  0.71409072  0.71816902  0.72015365  0.72287023  0.71710938  0.71759547
  0.71564134  0.71554279  0.70864788  0.71787609  0.71741259  0.71730954
  0.70889151  0.70847888  0.72132409  0.71250124  0.71243245  0.71377977
  0.7174825   0.71537162  0.71210169  0.7127024   0.72057872  0.71772373
  0.71833294  0.71457038  0.71421082  0.72117669  0.71460581  0.71324935
  0.7190477   0.71613587  0.71737491  0.70688747]","[ 0.5655992   0.58411358  0.60125443  0.61827136  0.62599422  0.64454935
  0.64385962  0.63401673  0.63780745  0.63744238  0.64070041  0.65283265
  0.64301504  0.65573649  0.66125172  0.65492766  0.6621244   0.65777836
  0.65609682  0.65996633  0.6634233   0.65903734  0.65144368  0.64813579
  0.6664085   0.66222134  0.66685109  0.65407625  0.65142405  0.66064953
  0.64960751  0.65201205  0.65517707  0.65570492  0.65158234  0.65191663
  0.6520842   0.65607708  0.66642025  0.63595878  0.64715155  0.64339104
  0.65997934  0.6527148   0.65000531  0.65191666  0.6549279   0.65678799
  0.6557693   0.65723587  0.65144938  0.64214613  0.65638109  0.65707803
  0.64750547  0.64166783  0.65097979  0.65903941  0.64304833  0.65587533
  0.64363478  0.66012054  0.64601685  0.65736457  0.64100881  0.64028426
  0.63295503  0.64325303  0.64655738  0.64327912  0.63898219  0.63543859
  0.63916329  0.63344253  0.62202329  0.64264627  0.64398729  0.63437593
  0.63568619  0.62665517  0.64260319  0.62850899  0.6347571   0.64016075
  0.64976696  0.63432567  0.63100485  0.63392777  0.63866771  0.64933635
  0.65015159  0.64288104  0.63438935  0.64607503  0.64127071  0.63522137
  0.6449622   0.64030988  0.64310994  0.63409576]","[ 0.52961918  0.58415182  0.60952789  0.56003363  0.59928404  0.54250662
  0.56115724  0.63564756  0.64997954  0.63197606  0.63343222  0.64781114
  0.6772984   0.64167502  0.6383875   0.67084416  0.66390764  0.66252843
  0.6724956   0.66788846  0.66350374  0.69547495  0.6831147   0.70819446
  0.67058882  0.67328843  0.67021396  0.66726866  0.70793149  0.6614479
  0.70441196  0.69818776  0.68684998  0.69596212  0.69178802  0.69883472
  0.67435391  0.67827354  0.6459101   0.72570221  0.69615009  0.70723701
  0.66553642  0.66373059  0.67511372  0.68156422  0.67731528  0.66143621
  0.66410724  0.66551129  0.67222898  0.68057068  0.65740352  0.65603732
  0.68573634  0.68472225  0.67252855  0.65412257  0.68436463  0.65304563
  0.68010583  0.63580311  0.67162318  0.63766348  0.68001576  0.66561824
  0.69373521  0.66688491  0.66711218  0.66939177  0.68440303  0.69422838
  0.68055921  0.68806196  0.70468628  0.66812402  0.66540316  0.66790825
  0.6712332   0.69526326  0.6644505   0.68390849  0.69169203  0.66451192
  0.64187208  0.67520566  0.68721643  0.67164731  0.67273705  0.65440787
  0.66426316  0.66418875  0.67182286  0.65151958  0.6684655   0.67068973
  0.65732211  0.65938947  0.65014105  0.64860716]"
1,8,"[ 0.59502514  0.65879265  0.67872511  0.69003873  0.71054893  0.71288022
  0.71765423  0.72042912  0.72444184  0.72389118  0.72686259  0.72863597
  0.73046999  0.73098789  0.73259928  0.73377511  0.73662829  0.73642893
  0.73751754  0.73886746  0.73931144  0.73915546  0.74183939  0.74158235
  0.7430108   0.74436042  0.74412152  0.74522696  0.74594546  0.74524718
  0.74533122  0.745961    0.74516239  0.74799551  0.74726069  0.7486957
  0.74796384  0.74673452  0.75003097  0.74821549  0.7488899   0.7482101
  0.74969529  0.7499676   0.74874282  0.75093173  0.75079359  0.74963443
  0.75081115  0.75082852  0.75055434  0.75048626  0.75134323  0.75245539
  0.75196022  0.75137801  0.75289718  0.75333253  0.75286062  0.7529665
  0.75258596  0.75314554  0.75289431  0.75354704  0.7530657   0.75307287
  0.75312461  0.75393912  0.75402851  0.754458    0.75364307  0.75516733
  0.75404238  0.75466049  0.75321099  0.75364233  0.75412194  0.75370473
  0.75463029  0.7551518   0.75443197  0.7543474   0.75557665  0.75520875
  0.75464644  0.75542465  0.7557225   0.75608761  0.75563651  0.75539893
  0.75631508  0.75440901  0.75605324  0.75615119  0.75518089  0.75667871
  0.75534695  0.755483    0.75574837  0.75583395]","[ 0.59125279  0.59240386  0.60205108  0.61664233  0.61772663  0.62064616
  0.62735979  0.62532118  0.63607854  0.62447485  0.62956095  0.62437499
  0.64282667  0.6250468   0.63341937  0.62721186  0.63414629  0.63164465
  0.63159923  0.64072575  0.64616759  0.63893513  0.63210895  0.63741556
  0.63793218  0.64195038  0.63757167  0.63809877  0.64247204  0.64121046
  0.63892635  0.64051068  0.6354121   0.63396203  0.63983514  0.64395949
  0.64084298  0.63907121  0.64680349  0.64003368  0.64139483  0.65147684
  0.64377552  0.63600911  0.63725282  0.64435044  0.63863248  0.63835433
  0.64615449  0.63512918  0.6376705   0.6361897   0.63445213  0.6389876
  0.63734503  0.64611177  0.6378625   0.64359832  0.63651407  0.63888241
  0.63540774  0.63652968  0.64052919  0.63781859  0.63785761  0.64171545
  0.64297237  0.63825587  0.64429803  0.63961392  0.64172355  0.63201005
  0.63715141  0.64097515  0.63774563  0.64732933  0.6381079   0.6383606
  0.63538488  0.63649226  0.63531238  0.64016574  0.64567372  0.63588789
  0.63931269  0.64188047  0.63665785  0.64105624  0.63303039  0.63592057
  0.64206276  0.64072756  0.64265847  0.64042934  0.64335231  0.64182314
  0.64279222  0.63567909  0.6380678   0.64158708]","[ 0.53847415  0.56008237  0.57363085  0.53087016  0.54519657  0.54778896
  0.54995844  0.55053928  0.56017864  0.55393426  0.55580664  0.55000624
  0.56407235  0.55044476  0.56146365  0.55249588  0.55491483  0.55871837
  0.56416844  0.56009811  0.57137303  0.56215836  0.5566445   0.56224873
  0.55909388  0.56629488  0.56043306  0.56558299  0.56529616  0.55823788
  0.56412254  0.56654415  0.56248546  0.5595708   0.56202048  0.56052238
  0.56365141  0.56193697  0.56961019  0.55978283  0.55970153  0.56749452
  0.56221364  0.56060823  0.56020457  0.5639393   0.55828466  0.56108737
  0.562787    0.56124468  0.55854128  0.55889339  0.55635108  0.55931978
  0.56080611  0.56673453  0.55629509  0.5600504   0.55811585  0.56105561
  0.55685608  0.5582602   0.56126497  0.55601241  0.55947976  0.56312746
  0.56200376  0.55989905  0.56048166  0.55904592  0.56187613  0.55311909
  0.55672459  0.56393766  0.55737632  0.56649575  0.55516147  0.55954126
  0.55872467  0.55487053  0.55757707  0.55970433  0.56472965  0.55571148
  0.56045063  0.55979357  0.55608809  0.56013593  0.55828104  0.55422896
  0.56184011  0.56019945  0.56189544  0.55982933  0.5619229   0.56241341
  0.56165612  0.55525175  0.56126278  0.55626889]","[ 0.25815954  0.40222756  0.40981111  0.5161857   0.50353853  0.52617662
  0.53473424  0.51951492  0.51722332  0.51399948  0.53333696  0.53529809
  0.54834065  0.50489712  0.51827559  0.5342386   0.53430499  0.55337578
  0.53413531  0.55859289  0.52777677  0.54623116  0.55466011  0.55578653
  0.56636019  0.55805809  0.55213444  0.53085771  0.56682823  0.57532643
  0.54857844  0.52821443  0.54068418  0.56179164  0.54592901  0.56898167
  0.54264767  0.5660795   0.55797153  0.54555887  0.5438545   0.56000937
  0.55686637  0.56431897  0.5438933   0.56087645  0.55744023  0.53824094
  0.57736923  0.54102216  0.55153483  0.54316497  0.55144135  0.5646742
  0.54707252  0.5665811   0.53088575  0.56156392  0.55942486  0.54012211
  0.56987597  0.55714116  0.55162714  0.54782713  0.54262229  0.56252569
  0.56906788  0.56033442  0.55886     0.57359788  0.55920319  0.5464476
  0.54351845  0.55269548  0.54874798  0.57623622  0.57588582  0.56206328
  0.54263469  0.56306542  0.5562715   0.55293529  0.54824437  0.55032943
  0.55232717  0.56946268  0.5582439   0.56950467  0.56351058  0.57382574
  0.56117681  0.56168604  0.55613552  0.57230896  0.56102677  0.54682319
  0.56363429  0.54475     0.55762958  0.59154266]"
2,8,"[ 0.6141548   0.6983824   0.71337737  0.7224996   0.7274766   0.73185437
  0.73562979  0.73832026  0.74190727  0.74422565  0.74655611  0.74971477
  0.74979677  0.75189031  0.75420558  0.75566273  0.75649066  0.75858959
  0.75795681  0.76014595  0.75997203  0.76121204  0.7622196   0.76266216
  0.76311255  0.76363719  0.76508068  0.76616581  0.76659034  0.76735104
  0.76821055  0.76882303  0.77000053  0.7705035   0.7699903   0.77063609
  0.77117266  0.77212162  0.77243714  0.77245573  0.77454742  0.77438051
  0.77527393  0.77417937  0.77812762  0.7776435   0.77615956  0.77675094
  0.77844105  0.77791205  0.77757975  0.78008949  0.77994188  0.78088033
  0.78074002  0.78205935  0.78178717  0.78112698  0.78274936  0.78330348
  0.78395877  0.78475232  0.78331574  0.7851926   0.78552715  0.78606867
  0.78655597  0.78637864  0.78748208  0.78738622  0.78804158  0.78760528
  0.78870672  0.79038227  0.78944818  0.79045657  0.79023431  0.79040657
  0.79064797  0.79134996  0.79161507  0.7928066   0.79186549  0.79265601
  0.79342558  0.79445986  0.79460484  0.79336964  0.79437205  0.79535696
  0.79394403  0.79612689  0.79578203  0.79596971  0.79456819  0.79635228
  0.79642613  0.79680244  0.79602796  0.79640767]","[ 0.59444448  0.62231355  0.62245165  0.63233813  0.63268393  0.64093335
  0.64080382  0.64096134  0.63107038  0.64649536  0.64177826  0.64514423
  0.64362274  0.64796385  0.64614169  0.64590704  0.65382048  0.64984409
  0.64745781  0.6525648   0.65832847  0.65404512  0.65606551  0.65456578
  0.65882385  0.65356804  0.65930239  0.65805085  0.6549655   0.65599751
  0.65510673  0.65621365  0.66226448  0.66374823  0.66384114  0.65750681
  0.65905229  0.65988253  0.6631399   0.66718242  0.65934763  0.66181166
  0.66404277  0.66244164  0.66036569  0.66793273  0.6639094   0.66310416
  0.66122536  0.66107304  0.66151092  0.65986237  0.66246717  0.65756195
  0.66309934  0.65854272  0.66366563  0.66150281  0.66846678  0.66703914
  0.66793263  0.66369311  0.66542407  0.66818121  0.66465452  0.66702614
  0.66377528  0.66812953  0.665001    0.66874663  0.67782899  0.67540601
  0.6735558   0.67476468  0.67836036  0.67014618  0.67541243  0.66905809
  0.66926524  0.66824732  0.67113575  0.67877682  0.67998491  0.66843077
  0.67243046  0.67867268  0.67481529  0.6672738   0.68086671  0.67921745
  0.67417053  0.6764668   0.67538478  0.68229809  0.6859178   0.67736516
  0.68046248  0.68577178  0.68085454  0.68864488]","[ 0.52042244  0.53886619  0.54592095  0.54825809  0.54860909  0.56095708
  0.55781497  0.55927835  0.5534622   0.5611764   0.56314566  0.56361538
  0.56359839  0.5666038   0.56661558  0.5623379   0.57027087  0.5642805
  0.56064054  0.57208766  0.57983362  0.57709035  0.5720443   0.57715783
  0.58303478  0.57194407  0.58675415  0.5735495   0.57462829  0.57346906
  0.57909976  0.57640347  0.58302456  0.58280472  0.57963957  0.58276519
  0.57988299  0.58097627  0.58288803  0.58737282  0.58141252  0.58599484
  0.58240418  0.58155898  0.5814137   0.58763605  0.58798219  0.58532153
  0.58302342  0.58723822  0.58102486  0.58441311  0.58417502  0.57963263
  0.58860974  0.58175487  0.58958898  0.58245997  0.59362582  0.59121556
  0.59864566  0.58923873  0.5877935   0.5917147   0.584457    0.59067254
  0.58526363  0.59246872  0.60297939  0.59017318  0.60243961  0.59960808
  0.59757713  0.59197249  0.60556418  0.60081308  0.6142767   0.60026168
  0.59287463  0.58817485  0.60349206  0.60706163  0.61116289  0.59232889
  0.59499486  0.60796395  0.59786042  0.59728165  0.60263262  0.61338973
  0.59898349  0.60288976  0.6075603   0.60544496  0.61394848  0.59389116
  0.60171676  0.60846612  0.6000671   0.61558455]","[ 0.41984993  0.49092344  0.5331195   0.53637872  0.55040453  0.55176272
  0.56484993  0.54855044  0.58188724  0.56433559  0.56247143  0.57237526
  0.57428953  0.55003421  0.57202066  0.56874663  0.55565383  0.60037317
  0.60064048  0.58153768  0.57398326  0.54086453  0.57414648  0.57390434
  0.57497131  0.5975567   0.57927984  0.59614407  0.58077178  0.60508624
  0.57219382  0.59634548  0.57623686  0.5827221   0.58463136  0.58001761
  0.58753006  0.59636611  0.59020706  0.57656161  0.6084757   0.59224969
  0.61142584  0.61343937  0.58244394  0.57226119  0.59262837  0.59969633
  0.60380795  0.59539895  0.58663892  0.57706105  0.58523289  0.5971231
  0.59185578  0.57470868  0.59938117  0.59711069  0.57082242  0.60523448
  0.58350759  0.59901117  0.62817956  0.61300812  0.61379352  0.5992493
  0.64133501  0.60645517  0.59338568  0.63339528  0.62777984  0.60018051
  0.63036121  0.62721969  0.61242302  0.60418053  0.55840735  0.59640652
  0.62204817  0.63473088  0.61108302  0.61525644  0.5798577   0.63873143
  0.62843779  0.63754642  0.64451351  0.61176709  0.63722119  0.59384872
  0.63488106  0.64751949  0.62499824  0.64135     0.61876593  0.65462025
  0.64542859  0.62818876  0.64622769  0.60525423]"
4,8,"[ 0.64323438  0.71000237  0.73204695  0.74517388  0.75371063  0.76186405
  0.76716231  0.77453304  0.77943678  0.78373703  0.78565397  0.79093703
  0.79017121  0.79187415  0.79423812  0.79589097  0.7978954   0.79836399
  0.79959157  0.80202109  0.80347346  0.80451224  0.80375245  0.80621756
  0.8088143   0.80973996  0.80864251  0.81071818  0.81160157  0.81227353
  0.81290724  0.81355518  0.81362766  0.81598129  0.81580945  0.81726961
  0.8171143   0.81845212  0.81939077  0.81893817  0.81920119  0.82017151
  0.82112907  0.82092924  0.82215354  0.82204365  0.82218559  0.82382803
  0.82483872  0.82195144  0.82476923  0.82495027  0.82593845  0.82577436
  0.82706013  0.82592675  0.82721372  0.827123    0.82715264  0.82772523
  0.82880824  0.82899766  0.8280736   0.82913111  0.83047764  0.83005364
  0.82906246  0.83055387  0.83127623  0.83240845  0.83072037  0.83305445
  0.83146506  0.83309328  0.83358163  0.83243931  0.83443455  0.83261896
  0.83402725  0.83531325  0.83440066  0.83426508  0.83507487  0.83555087
  0.83537686  0.83458844  0.83569421  0.83642687  0.83597628  0.83524414
  0.8377258   0.83741121  0.83681958  0.83756933  0.83699442  0.83855804
  0.83689034  0.83711813  0.83847077  0.83792556]","[ 0.60994608  0.62203451  0.63854991  0.65569885  0.66787679  0.67312883
  0.67727964  0.67861998  0.67621475  0.6881031   0.68670303  0.68816728
  0.6893181   0.69409672  0.69871071  0.70036195  0.69921206  0.70604516
  0.70349486  0.70689454  0.70812843  0.70774342  0.71193833  0.70735922
  0.70455763  0.71116046  0.71304124  0.71345482  0.71497108  0.71053627
  0.71151446  0.71655946  0.71984216  0.71624148  0.71568114  0.71994993
  0.71380333  0.71792582  0.72594365  0.71784399  0.71875382  0.7165959
  0.71646292  0.71587914  0.7151874   0.72109425  0.71594918  0.72050738
  0.71986644  0.72099022  0.72198078  0.72451675  0.72372302  0.72157069
  0.72658411  0.7236427   0.72348505  0.72330669  0.72267984  0.72872607
  0.72432424  0.71766645  0.72196331  0.72126992  0.7199866   0.72798161
  0.73024444  0.72806257  0.72554113  0.72982802  0.71642298  0.72104977
  0.73203528  0.72767078  0.72676071  0.72719381  0.72891795  0.72084008
  0.73136894  0.72295003  0.72862578  0.72172079  0.7229205   0.72854835
  0.72395158  0.72411822  0.72133461  0.72454663  0.73090474  0.71709659
  0.72382837  0.72291479  0.72775834  0.73126419  0.72652618  0.72030413
  0.7333578   0.72068401  0.72948371  0.72214421]","[ 0.52968469  0.54666491  0.56800072  0.578115    0.58589437  0.60155029
  0.59948903  0.60866778  0.60370395  0.61514991  0.61494645  0.61128672
  0.61101508  0.62148323  0.61546865  0.61629777  0.61968881  0.62823207
  0.6288416   0.62351065  0.63312002  0.63204121  0.63206217  0.63499452
  0.62970912  0.64184241  0.64258572  0.63699485  0.6321108   0.63560081
  0.63825797  0.64016138  0.64534223  0.63885719  0.64328939  0.64278688
  0.64689788  0.64013505  0.6630783   0.6533169   0.63867179  0.63585226
  0.64311458  0.63298657  0.65001363  0.64395357  0.63820036  0.64838502
  0.64803185  0.64191435  0.64677908  0.64715079  0.63840264  0.64554594
  0.65281175  0.65749711  0.64019868  0.64467858  0.65808756  0.66101779
  0.65097125  0.64194661  0.65377447  0.64221094  0.6363612   0.65373098
  0.65398356  0.65268204  0.65252658  0.65776673  0.64205708  0.65375676
  0.6635451   0.65562449  0.6534805   0.65594795  0.65889699  0.653921
  0.65730288  0.64368456  0.66316454  0.6483574   0.65013924  0.64709308
  0.64311226  0.64368045  0.64185225  0.64663879  0.65705948  0.63481395
  0.64318915  0.63556885  0.6612707   0.65545651  0.65443166  0.64587528
  0.65619826  0.65407322  0.65202244  0.64741251]","[ 0.46108893  0.53442123  0.57345971  0.59125068  0.60895169  0.59210316
  0.61317321  0.58972775  0.59628043  0.59296356  0.60126181  0.63074897
  0.61411799  0.61984741  0.63366871  0.62428932  0.63299448  0.65219785
  0.65659208  0.65680879  0.63387563  0.6534007   0.66562117  0.63825849
  0.65567242  0.64266374  0.64280947  0.66006554  0.69678684  0.6650492
  0.66847511  0.64754131  0.6449903   0.6699941   0.68568237  0.67655598
  0.66079981  0.68101514  0.65136583  0.6344931   0.70135659  0.67834226
  0.6785764   0.683665    0.65450564  0.68150011  0.6872483   0.69121659
  0.68019156  0.67738287  0.69053843  0.68793201  0.71769471  0.69652053
  0.69409625  0.66444789  0.7161044   0.69645752  0.66940267  0.65540677
  0.68793166  0.69532636  0.66360766  0.70324837  0.72265287  0.69620417
  0.69439928  0.68816452  0.68943515  0.68605023  0.68987334  0.69033248
  0.67331508  0.69057429  0.68010445  0.68600113  0.69397893  0.67172957
  0.69189443  0.71708345  0.67501631  0.69597076  0.7128905   0.71540551
  0.70850664  0.70741189  0.71142654  0.71015865  0.68598183  0.73177001
  0.71306449  0.72101545  0.68316537  0.69499966  0.68789101  0.69497604
  0.70356461  0.69853502  0.69661843  0.68382412]"
8,8,"[ 0.65451242  0.7199704   0.74171441  0.75475487  0.76597874  0.77349123
  0.78152358  0.78630895  0.79009164  0.79450063  0.79725069  0.79935262
  0.80248703  0.80475576  0.80867114  0.81075115  0.81063391  0.81373924
  0.81584311  0.81647214  0.81848103  0.81905571  0.82172484  0.82164061
  0.82457904  0.8249967   0.82640629  0.82793098  0.82718394  0.82839888
  0.83020489  0.82983465  0.83182821  0.83254738  0.83411411  0.83499127
  0.83493279  0.83528542  0.83679557  0.83656011  0.83839142  0.83990995
  0.84032017  0.84017985  0.84116273  0.841389    0.84224775  0.84287023
  0.84281076  0.84412222  0.84550883  0.84574338  0.84611005  0.84706157
  0.84704286  0.84707115  0.84856361  0.84952494  0.84985455  0.84854032
  0.84998699  0.85068592  0.85022767  0.85245611  0.852702    0.85302541
  0.85274642  0.85324887  0.85298459  0.85448804  0.8540695   0.85342288
  0.8560521   0.85694678  0.8559328   0.85627174  0.85655795  0.85742063
  0.85752038  0.85748379  0.85833984  0.85750898  0.85861445  0.85917045
  0.86073763  0.85990068  0.85876915  0.86186899  0.86132978  0.86169023
  0.86111297  0.86213623  0.86202857  0.86295072  0.86291901  0.86318742
  0.86342214  0.8631858   0.8643628   0.86421641]","[ 0.61323368  0.64426202  0.65387304  0.66317436  0.67060704  0.65900991
  0.66887092  0.68894106  0.68475801  0.68812025  0.69011973  0.69346218
  0.69507013  0.7022085   0.71168132  0.7050938   0.70174204  0.7125424
  0.71669805  0.71755438  0.71066763  0.71552829  0.71340761  0.71745454
  0.7205769   0.72824533  0.72996322  0.72810344  0.7267677   0.72676043
  0.72575085  0.72079566  0.72882614  0.7196017   0.73130065  0.73144941
  0.72235708  0.72736541  0.72770522  0.72954871  0.73601614  0.72460667
  0.72354892  0.73426145  0.73217375  0.73510705  0.72934121  0.73304058
  0.72977128  0.72518757  0.73165651  0.72139662  0.73469397  0.72936831
  0.73042041  0.7331443   0.73110512  0.72922171  0.73527069  0.73529311
  0.73789153  0.73183945  0.72899025  0.73865314  0.73977789  0.72940873
  0.73171374  0.72770549  0.72271805  0.73517753  0.73238651  0.72594068
  0.73206016  0.73037533  0.72872358  0.73475879  0.72762626  0.73011429
  0.73404413  0.72963196  0.72864667  0.72833861  0.73251325  0.7318644
  0.73067669  0.73257942  0.7307667   0.73679781  0.73205736  0.72561447
  0.72961127  0.71645863  0.73215967  0.72764084  0.73487231  0.73136145
  0.72854423  0.73130595  0.72473819  0.72354039]","[ 0.54030618  0.56603335  0.58662078  0.59960622  0.59476603  0.59413564
  0.59781271  0.61447522  0.60773601  0.60984926  0.6248469   0.61663713
  0.62371621  0.62924109  0.62378646  0.63564095  0.6295143   0.6458901
  0.64921578  0.65307932  0.64104259  0.64902397  0.63810847  0.64441467
  0.6496514   0.64429567  0.66168729  0.64900433  0.6528887   0.66123032
  0.64719219  0.66531206  0.66321308  0.64583555  0.65390715  0.66002212
  0.6504338   0.66294198  0.65983994  0.6524895   0.66240675  0.6622075
  0.66003887  0.66630923  0.6696059   0.6585237   0.65338064  0.66552576
  0.66740263  0.65927956  0.65475879  0.66567223  0.65918278  0.6545308
  0.65443277  0.65123979  0.66556258  0.65952431  0.66852885  0.65858126
  0.66285568  0.65868779  0.66342145  0.66937029  0.66823609  0.66199838
  0.65746828  0.66623977  0.65369709  0.65187958  0.6493174   0.65757602
  0.65518569  0.64474542  0.65882633  0.65568107  0.65188334  0.65527338
  0.65097145  0.65671861  0.65519593  0.6487568   0.66230651  0.66253953
  0.65571629  0.65216395  0.6587639   0.66399585  0.64763533  0.65755521
  0.65089669  0.64369252  0.65306871  0.6590318   0.65604183  0.65495732
  0.65362228  0.65934736  0.65062692  0.65072066]","[ 0.47510062  0.53514338  0.54944675  0.55606174  0.58254026  0.58336031
  0.56787524  0.6022499   0.6202998   0.61496627  0.64152813  0.66022328
  0.63159664  0.63545361  0.70509226  0.64105232  0.6584758   0.65757908
  0.64096402  0.64658907  0.66074224  0.66859778  0.67145368  0.67037731
  0.68189978  0.70973413  0.66852167  0.69747987  0.679613    0.64832676
  0.70657459  0.63291965  0.66379628  0.68841505  0.69061237  0.68337922
  0.6846865   0.67452045  0.67914795  0.69091448  0.69559454  0.67196827
  0.65919574  0.6676272   0.68275158  0.69883397  0.70418935  0.68588773
  0.65992875  0.67141045  0.7004364   0.65808058  0.6930153   0.6921218
  0.71175399  0.71835046  0.66007607  0.66661199  0.67268787  0.69686567
  0.69611028  0.68373768  0.66207972  0.67494902  0.68403964  0.66786666
  0.69737377  0.65842551  0.67548823  0.6985707   0.70463652  0.67183939
  0.67906091  0.7208571   0.67065455  0.69809921  0.67614625  0.67443493
  0.69945537  0.67489551  0.68430736  0.69316474  0.67707305  0.66718726
  0.67139403  0.70369195  0.6663262   0.67709791  0.71086591  0.65769377
  0.68877447  0.68492345  0.68585421  0.65674698  0.69784232  0.6740725
  0.69117068  0.66882003  0.69930088  0.67668599]"
16,8,"[ 0.66964904  0.73027695  0.75167512  0.76491367  0.77561435  0.78198171
  0.78948787  0.79599501  0.80028852  0.80439871  0.80917588  0.8114355
  0.81428154  0.81660954  0.82023193  0.82197397  0.82389068  0.82572888
  0.82789344  0.83025675  0.83147745  0.83365466  0.83523981  0.83693864
  0.83801854  0.84027193  0.84136605  0.84109039  0.84339204  0.84504478
  0.845455    0.84701861  0.84610653  0.84953749  0.85136772  0.85224771
  0.85246981  0.85318334  0.85535716  0.85583503  0.85726601  0.85777057
  0.85894156  0.85900148  0.8592791   0.86125173  0.86191371  0.86332864
  0.86230124  0.86330143  0.86312015  0.86515006  0.86546526  0.8662798
  0.86775601  0.86770216  0.86847667  0.86921814  0.86997798  0.87147575
  0.87120284  0.87144422  0.87298843  0.8730784   0.87285171  0.87475358
  0.87339033  0.87368281  0.87601695  0.87718112  0.87729569  0.87760949
  0.8780187   0.87761037  0.87920345  0.87931259  0.87955839  0.88010073
  0.88072127  0.88187705  0.88247931  0.88207036  0.88268965  0.88291005
  0.88424514  0.88432225  0.88283989  0.88409404  0.88574174  0.88488526
  0.88517092  0.88532078  0.88556061  0.88636414  0.88642391  0.887287
  0.88855356  0.88825121  0.88850759  0.88824934]","[ 0.62117204  0.65223138  0.65855425  0.65902731  0.67580484  0.68947332
  0.67012131  0.68485749  0.69169402  0.69801927  0.69416752  0.71073133
  0.70720668  0.7110667   0.71277924  0.71895002  0.71447311  0.71515823
  0.71169647  0.72138845  0.73012962  0.71828951  0.72458083  0.72541183
  0.72116088  0.72895917  0.73095793  0.72222066  0.72304509  0.73057848
  0.73483237  0.72868356  0.72445529  0.73472782  0.73163628  0.73055386
  0.7314738   0.73154773  0.72831534  0.73186779  0.73283296  0.72398174
  0.72812666  0.73054231  0.73118536  0.73245348  0.7335874   0.72290742
  0.72723654  0.7269887   0.72941311  0.72561474  0.73160288  0.73111381
  0.7300288   0.72870162  0.73268592  0.72736398  0.7300225   0.72908492
  0.72572571  0.72575439  0.72629814  0.72235152  0.73397941  0.73470309
  0.73300983  0.72590857  0.73020847  0.72749756  0.72843268  0.72788778
  0.72331411  0.73076905  0.72338095  0.73410771  0.72430237  0.73122269
  0.72678011  0.72659894  0.73596667  0.73420219  0.72655862  0.72836028
  0.73175048  0.73101742  0.72780768  0.72909445  0.72669944  0.7283602
  0.73462495  0.73308846  0.72329534  0.73412968  0.72589214  0.72336691
  0.72738824  0.72942022  0.7214444   0.72803617]","[ 0.54990371  0.57052331  0.58447985  0.58629601  0.60852049  0.60883486
  0.59875208  0.63345277  0.61047341  0.6338206   0.63073224  0.63505858
  0.64690761  0.64684963  0.65960279  0.63618117  0.64635615  0.64123106
  0.64836957  0.65669916  0.65347624  0.63547573  0.65565201  0.65731491
  0.65783738  0.64777879  0.65962639  0.65321055  0.65954311  0.66532269
  0.66770769  0.65602695  0.64503305  0.65784373  0.65089315  0.67291042
  0.65540975  0.65596124  0.65534169  0.65443732  0.65255989  0.65973162
  0.65597823  0.65946623  0.66843108  0.66357138  0.67425405  0.64524119
  0.64835311  0.66530748  0.65307314  0.64993889  0.6551269   0.65553125
  0.65452143  0.65877061  0.65925228  0.65366961  0.64677233  0.65618432
  0.65307167  0.65779983  0.64682005  0.64273091  0.6666345   0.6614553
  0.65663873  0.64671155  0.65340965  0.64458551  0.65588805  0.65505666
  0.64362427  0.66183459  0.65461707  0.65984249  0.64688289  0.65972966
  0.65498206  0.65187156  0.66314937  0.65754339  0.65256466  0.65486642
  0.65926445  0.66986193  0.65067116  0.65235597  0.64249365  0.64932638
  0.6578994   0.65811588  0.64409881  0.65827481  0.64820196  0.64329615
  0.65343828  0.65398557  0.64151112  0.65474271]","[ 0.52988483  0.59426634  0.61966307  0.57500755  0.57553682  0.64486144
  0.61269484  0.60183815  0.68593569  0.60474515  0.60244694  0.64956847
  0.6127272   0.64731164  0.63047651  0.682309    0.66018029  0.68775167
  0.67460265  0.65879049  0.68887604  0.73066947  0.67750298  0.68978726
  0.67218279  0.70581133  0.68544783  0.68177567  0.67801346  0.67557686
  0.67896482  0.70224226  0.72152705  0.70493767  0.72235569  0.6582778
  0.70039448  0.68895372  0.69625258  0.70900996  0.70270754  0.68464209
  0.69915175  0.68847686  0.6676214   0.68039014  0.65248348  0.72135492
  0.70975825  0.67895508  0.71253757  0.69197482  0.69777872  0.70512132
  0.70773054  0.69419121  0.6919179   0.69395536  0.71253176  0.70079446
  0.69757723  0.6910686   0.71333734  0.71769788  0.67361026  0.69470905
  0.70500705  0.71739851  0.70618776  0.71591297  0.68147506  0.69923961
  0.71005217  0.68473309  0.68454418  0.69904111  0.70255965  0.68062615
  0.69773732  0.69239231  0.68912891  0.69782186  0.68688743  0.6962889
  0.68354019  0.6691879   0.70277621  0.70954526  0.71358114  0.70292689
  0.6953883   0.70656368  0.71282268  0.69889277  0.70075456  0.70091337
  0.6953986   0.68649962  0.71053012  0.68821567]"
